{
  "iterations": 50,
  "time_per_iteration": 3248,
  "filtered_mean_rank": 51.45799969528195,
  "filtered_mean_rank_h": 63.91224120126627,
  "filtered_mean_rank_t": 39.00375818929763,
  "filtered_hits10": 0.8811938176093176,
  "filtered_hits10_h": 0.8551234954546224,
  "filtered_hits10_t": 0.9072641397640128
}